unit,product,indic_nrg,geo,_2000,_2000_flag,_2001,_2001_flag,_2002,_2002_flag,_2003,_2003_flag,_2004,_2004_flag,_2005,_2005_flag,_2006,_2006_flag,_2007,_2007_flag,_2008,_2008_flag,_2009,_2009_flag,_2010,_2010_flag,_2011,_2011_flag,serialid
Thousand tonnes of oil equivalent (TOE),Hydro power,Primary production,Austria,3597,,3479,,3459,,2856,,3161,,3154,,3082,,3190,,3298,,3515,,3300,,2939,,1
Thousand tonnes of oil equivalent (TOE),Hydro power,Primary production,Belgium,40,,38,,31,,21,,27,,25,,31,,33,,35,,28,,27,,17,,2
Thousand tonnes of oil equivalent (TOE),Hydro power,Primary production,Bulgaria,230,,149,,189,,260,,272,,373,,364,,247,,243,,298,,435,,251,,3
Thousand tonnes of oil equivalent (TOE),Hydro power,Primary production,Switzerland,3167,,3552,,3028,,2994,,2902,,2685,,2662,,3031,,3099,,3072,,3101,,,,4
Thousand tonnes of oil equivalent (TOE),Hydro power,Primary production,Cyprus,0,,0,,0,,0,,0,,0,,0,,0,,0,,0,,0,,0,,5
Thousand tonnes of oil equivalent (TOE),Hydro power,Primary production,Czech Republic,151,,177,,214,,119,,174,,205,,219,,180,,174,,209,,240,,169,,6
Thousand tonnes of oil equivalent (TOE),Hydro power,Primary production,Germany (until 1990 former territory of the FRG),1869,,1955,,1988,,1656,,1812,,1684,,1714,,1797,,1801,,1604,,1756,,1485,,7
Thousand tonnes of oil equivalent (TOE),Hydro power,Primary production,Denmark,3,,2,,3,,2,,2,,2,,2,,2,,2,,2,,2,,1,,8
Thousand tonnes of oil equivalent (TOE),Hydro power,Primary production,"Euro area (EA11-2000, EA12-2006, EA13-2007, EA15-2008, EA16-2010, EA17-2013, EA18)",19838,,22023,,17846,,18905,,19079,,16088,,17588,,17839,,18980,,19703,,22526,,17976,,9
Thousand tonnes of oil equivalent (TOE),Hydro power,Primary production,Euro area (16 countries),20882,,22773,,18584,,19459,,19784,,16784,,18275,,18221,,19328,,19703,,22526,,17974,,10
Thousand tonnes of oil equivalent (TOE),Hydro power,Primary production,Euro area (17 countries),20883,,22774,,18584,,19460,,19786,,16786,,18276,,18223,,19330,,19706,,22528,,17976,,11
Thousand tonnes of oil equivalent (TOE),Hydro power,Primary production,Estonia,0,,1,,1,,1,,2,,2,,1,,2,,2,,3,,2,,3,,12
Thousand tonnes of oil equivalent (TOE),Hydro power,Primary production,Greece,318,,180,,241,,410,,402,,431,,504,,223,,285,,462,,641,,345,,13
Thousand tonnes of oil equivalent (TOE),Hydro power,Primary production,Spain,2430,,3516,,1825,,3481,,2673,,1582,,2232,,2348,,2009,,2271,,3637,,2631,,14
Thousand tonnes of oil equivalent (TOE),Hydro power,Primary production,European Union (27 countries),30199,,32020,,26942,,26243,,27740,,26317,,26600,,26642,,28115,,28221,,31553,,26374,,15
Thousand tonnes of oil equivalent (TOE),Hydro power,Primary production,Finland,1261,,1135,,927,,825,,1296,,1185,,988,,1219,,1471,,1091,,1111,,1070,,16
Thousand tonnes of oil equivalent (TOE),Hydro power,Primary production,France,5773,,6417,,5210,,5087,,5148,,4449,,4829,,4981,,5469,,4919,,5359,,3854,,17
Thousand tonnes of oil equivalent (TOE),Hydro power,Primary production,Croatia,505,,563,,461,,419,,598,,545,,516,,364,,448,,579,,716,,386,,18
Thousand tonnes of oil equivalent (TOE),Hydro power,Primary production,Hungary,15,,16,,17,,15,,18,,17,,16,,18,,18,,20,,16,,19,,19
Thousand tonnes of oil equivalent (TOE),Hydro power,Primary production,Ireland,73,,51,,78,,51,,54,,54,,62,,57,,83,,78,,52,,61,,20
Thousand tonnes of oil equivalent (TOE),Hydro power,Primary production,Iceland,547,,566,,600,,609,,613,,604,,627,,,,,,,,,,,,21
Thousand tonnes of oil equivalent (TOE),Hydro power,Primary production,Italy,3801,,4025,,3398,,3153,,3640,,3101,,3181,,2822,,3579,,4225,,4395,,3940,,22
Thousand tonnes of oil equivalent (TOE),Hydro power,Primary production,Lithuania,29,,28,,30,,28,,36,,39,,34,,36,,35,,36,,46,,41,,23
Thousand tonnes of oil equivalent (TOE),Hydro power,Primary production,Luxembourg,11,,10,,9,,7,,9,,8,,10,,10,,11,,9,,9,,5,,24
Thousand tonnes of oil equivalent (TOE),Hydro power,Primary production,Latvia,242,,244,,212,,195,,267,,286,,232,,235,,267,,297,,303,,248,,25
Thousand tonnes of oil equivalent (TOE),Hydro power,Primary production,"Former Yugoslav Republic of Macedonia, the",101,,54,,65,,118,,127,,128,,142,,87,,72,,109,,209,,123,,26
Thousand tonnes of oil equivalent (TOE),Hydro power,Primary production,Malta,0,,0,,0,,0,,0,,0,,0,,0,,0,,0,,0,,0,,27
Thousand tonnes of oil equivalent (TOE),Hydro power,Primary production,Netherlands,12,,10,,9,,6,,8,,8,,9,,9,,9,,8,,9,,5,,28
Thousand tonnes of oil equivalent (TOE),Hydro power,Primary production,Norway,12194,,10358,,11124,,9070,,9353,,11667,,10264,,11492,,11956,,10772,,10039,,10388,,29
Thousand tonnes of oil equivalent (TOE),Hydro power,Primary production,Poland,181,,200,,196,,144,,179,,189,,176,,202,,185,,204,,251,,200,,30
Thousand tonnes of oil equivalent (TOE),Hydro power,Primary production,Portugal,974,,1207,,671,,1352,,849,,407,,946,,868,,585,,712,,1388,,992,,31
Thousand tonnes of oil equivalent (TOE),Hydro power,Primary production,Romania,1271,,1283,,1380,,1140,,1420,,1737,,1578,,1373,,1479,,1336,,1710,,1266,,32
Thousand tonnes of oil equivalent (TOE),Hydro power,Primary production,Sweden,6757,,6798,,5706,,4604,,5170,,6260,,5307,,5689,,5939,,5662,,5709,,5712,,33
Thousand tonnes of oil equivalent (TOE),Hydro power,Primary production,Slovenia,330,,326,,285,,254,,352,,298,,309,,281,,345,,405,,388,,306,,34
Thousand tonnes of oil equivalent (TOE),Hydro power,Primary production,Slovakia,397,,424,,453,,299,,353,,399,,378,,383,,347,,376,,452,,325,,35
Thousand tonnes of oil equivalent (TOE),Hydro power,Primary production,Turkey,2655,,2064,,2896,,3038,,3963,,3402,,3804,,3083,,2861,,3092,,4454,,4500,,36
Thousand tonnes of oil equivalent (TOE),Hydro power,Primary production,United Kingdom,437,,349,,412,,277,,416,,423,,395,,437,,443,,451,,313,,489,,37
Thousand tonnes of oil equivalent (TOE),Wind power,Primary production,Austria,6,,9,,12,,32,,80,,114,,151,,175,,173,,169,,177,,166,,38
Thousand tonnes of oil equivalent (TOE),Wind power,Primary production,Belgium,1,,3,,5,,8,,12,,20,,31,,42,,55,,86,,111,,199,,39
Thousand tonnes of oil equivalent (TOE),Wind power,Primary production,Bulgaria,0,,0,,0,,0,,0,,0,,2,,4,,10,,20,,59,,74,,40
Thousand tonnes of oil equivalent (TOE),Wind power,Primary production,Switzerland,0,,0,,0,,0,,1,,1,,1,,1,,2,,2,,3,,,,41
Thousand tonnes of oil equivalent (TOE),Wind power,Primary production,Cyprus,0,,0,,0,,0,,0,,0,,0,,0,,0,,0,,3,,10,,42
Thousand tonnes of oil equivalent (TOE),Wind power,Primary production,Czech Republic,0,,0,,0,,0,,1,,2,,4,,11,,21,,25,,29,,34,,43
Thousand tonnes of oil equivalent (TOE),Wind power,Primary production,Germany (until 1990 former territory of the FRG),804,,899,,1363,,1622,,2193,,2341,,2641,,3415,,3489,,3322,,3250,,4203,,44
Thousand tonnes of oil equivalent (TOE),Wind power,Primary production,Denmark,365,,370,,419,,478,,566,,569,,525,,617,,596,,578,,671,,840,,45
Thousand tonnes of oil equivalent (TOE),Wind power,Primary production,"Euro area (EA11-2000, EA12-2006, EA13-2007, EA15-2008, EA16-2010, EA17-2013, EA18)",1388,,1800,,2537,,3151,,4243,,5134,,6059,,7688,,8745,,9645,,10649,,12093,,46
Thousand tonnes of oil equivalent (TOE),Wind power,Primary production,Euro area (16 countries),1427,,1800,,2537,,3151,,4243,,5135,,6060,,7688,,8746,,9645,,10649,,12061,,47
Thousand tonnes of oil equivalent (TOE),Wind power,Primary production,Euro area (17 countries),1427,,1800,,2537,,3152,,4244,,5139,,6066,,7696,,8757,,9662,,10673,,12093,,48
Thousand tonnes of oil equivalent (TOE),Wind power,Primary production,Estonia,0,,0,,0,,1,,1,,5,,7,,8,,11,,17,,24,,32,,49
Thousand tonnes of oil equivalent (TOE),Wind power,Primary production,Greece,39,,65,,56,,88,,96,,109,,146,,156,,193,,219,,233,,285,,50
Thousand tonnes of oil equivalent (TOE),Wind power,Primary production,Spain,406,,581,,803,,1038,,1350,,1821,,2003,,2370,,2833,,3277,,3807,,3649,,51
Thousand tonnes of oil equivalent (TOE),Wind power,Primary production,European Union (27 countries),1913,,2296,,3123,,3814,,5067,,6057,,7077,,8972,,10273,,11439,,12847,,15393,,52
Thousand tonnes of oil equivalent (TOE),Wind power,Primary production,Finland,7,,6,,6,,8,,10,,15,,13,,16,,22,,24,,25,,41,,53
Thousand tonnes of oil equivalent (TOE),Wind power,Primary production,France,7,,11,,23,,33,,51,,83,,188,,349,,489,,680,,878,,1052,,54
Thousand tonnes of oil equivalent (TOE),Wind power,Primary production,Croatia,0,,0,,0,,0,,0,,1,,2,,3,,3,,5,,12,,17,,55
Thousand tonnes of oil equivalent (TOE),Wind power,Primary production,Hungary,0,,0,,0,,0,,1,,1,,4,,9,,18,,28,,46,,54,,56
Thousand tonnes of oil equivalent (TOE),Wind power,Primary production,Ireland,21,,29,,33,,39,,56,,96,,139,,168,,207,,254,,242,,377,,57
Thousand tonnes of oil equivalent (TOE),Wind power,Primary production,Iceland,0,,0,,0,,0,,0,,0,,0,,,,,,,,,,,,58
Thousand tonnes of oil equivalent (TOE),Wind power,Primary production,Italy,48,,101,,121,,125,,159,,202,,255,,347,,418,,563,,785,,847,,59
Thousand tonnes of oil equivalent (TOE),Wind power,Primary production,Lithuania,0,,0,,0,,0,,0,,0,,1,,9,,11,,14,,19,,41,,60
Thousand tonnes of oil equivalent (TOE),Wind power,Primary production,Luxembourg,2,,2,,2,,2,,3,,4,,5,,6,,5,,5,,5,,6,,61
Thousand tonnes of oil equivalent (TOE),Wind power,Primary production,Latvia,0,,0,,1,,4,,4,,4,,4,,5,,5,,4,,4,,6,,62
Thousand tonnes of oil equivalent (TOE),Wind power,Primary production,"Former Yugoslav Republic of Macedonia, the",0,,0,,0,,0,,0,,0,,0,,0,,0,,0,,0,,0,,63
Thousand tonnes of oil equivalent (TOE),Wind power,Primary production,Malta,0,,0,,0,,0,,0,,0,,0,,0,,0,,0,,0,,0,,64
Thousand tonnes of oil equivalent (TOE),Wind power,Primary production,Netherlands,71,,71,,81,,113,,161,,178,,235,,296,,366,,394,,343,,439,,65
Thousand tonnes of oil equivalent (TOE),Wind power,Primary production,Norway,3,,2,,6,,19,,22,,43,,55,,77,,79,,84,,76,,111,,66
Thousand tonnes of oil equivalent (TOE),Wind power,Primary production,Poland,0,,1,,5,,11,,12,,12,,22,,45,,72,,93,,143,,276,,67
Thousand tonnes of oil equivalent (TOE),Wind power,Primary production,Portugal,14,,22,,31,,43,,70,,152,,252,,347,,495,,652,,790,,788,,68
Thousand tonnes of oil equivalent (TOE),Wind power,Primary production,Romania,0,,0,,0,,0,,0,,0,,0,,0,,0,,1,,26,,120,,69
Thousand tonnes of oil equivalent (TOE),Wind power,Primary production,Sweden,39,,41,,52,,58,,73,,80,,85,,123,,172,,214,,301,,523,,70
Thousand tonnes of oil equivalent (TOE),Wind power,Primary production,Slovenia,0,,0,,0,,0,,0,,0,,0,,0,,0,,0,,0,,0,,71
Thousand tonnes of oil equivalent (TOE),Wind power,Primary production,Slovakia,0,,0,,0,,0,,1,,1,,1,,1,,1,,1,,1,,0,,72
Thousand tonnes of oil equivalent (TOE),Wind power,Primary production,Turkey,3,,5,,4,,5,,5,,5,,11,,31,,73,,129,,251,,406,,73
Thousand tonnes of oil equivalent (TOE),Wind power,Primary production,United Kingdom,81,,83,,108,,110,,166,,250,,363,,453,,610,,800,,875,,1333,,74
Thousand tonnes of oil equivalent (TOE),Solar energy,Primary production,Austria,63,,67,,70,,80,,87,,93,,101,,109,,118,,157,,168,,180,,75
Thousand tonnes of oil equivalent (TOE),Solar energy,Primary production,Belgium,1,,1,,2,,2,,3,,3,,3,,5,,9,,25,,60,,115,,76
Thousand tonnes of oil equivalent (TOE),Solar energy,Primary production,Bulgaria,0,,0,,0,,0,,0,,0,,0,,0,,0,,0,,12,,23,,77
Thousand tonnes of oil equivalent (TOE),Solar energy,Primary production,Switzerland,22,,23,,23,,24,,25,,26,,28,,30,,33,,43,,51,,,,78
Thousand tonnes of oil equivalent (TOE),Solar energy,Primary production,Cyprus,35,,34,,35,,36,,40,,41,,43,,54,,56,,58,,61,,64,,79
Thousand tonnes of oil equivalent (TOE),Solar energy,Primary production,Czech Republic,0,,0,,0,,2,,2,,2,,3,,4,,6,,14,,62,,198,,80
Thousand tonnes of oil equivalent (TOE),Solar energy,Primary production,Germany (until 1990 former territory of the FRG),115,,150,,184,,216,,262,,353,,472,,580,,735,,973,,1452,,2218,,81
Thousand tonnes of oil equivalent (TOE),Solar energy,Primary production,Denmark,8,,8,,9,,9,,10,,10,,11,,12,,13,,14,,16,,20,,82
Thousand tonnes of oil equivalent (TOE),Solar energy,Primary production,"Euro area (EA11-2000, EA12-2006, EA13-2007, EA15-2008, EA16-2010, EA17-2013, EA18)",271,,420,,466,,522,,600,,714,,885,,1137,,1636,,2412,,3516,,5661,,83
Thousand tonnes of oil equivalent (TOE),Solar energy,Primary production,Euro area (16 countries),406,,455,,502,,558,,639,,755,,929,,1191,,1636,,2412,,3516,,5661,,84
Thousand tonnes of oil equivalent (TOE),Solar energy,Primary production,Euro area (17 countries),406,,455,,502,,558,,639,,755,,929,,1191,,1636,,2412,,3516,,5661,,85
Thousand tonnes of oil equivalent (TOE),Solar energy,Primary production,Estonia,0,,0,,0,,0,,0,,0,,0,,0,,0,,0,,0,,0,,86
Thousand tonnes of oil equivalent (TOE),Solar energy,Primary production,Greece,99,,100,,99,,99,,108,,101,,109,,160,,174,,187,,197,,235,,87
Thousand tonnes of oil equivalent (TOE),Solar energy,Primary production,Spain,33,,38,,43,,48,,58,,65,,83,,138,,349,,710,,1035,,1348,,88
Thousand tonnes of oil equivalent (TOE),Solar energy,Primary production,European Union (27 countries),430,,482,,533,,596,,683,,806,,988,,1265,,1727,,2534,,3720,,6062,,89
Thousand tonnes of oil equivalent (TOE),Solar energy,Primary production,Finland,1,,1,,1,,1,,1,,1,,1,,1,,1,,1,,1,,1,,90
Thousand tonnes of oil equivalent (TOE),Solar energy,Primary production,France,17,,17,,17,,18,,19,,22,,28,,36,,47,,65,,110,,240,,91
Thousand tonnes of oil equivalent (TOE),Solar energy,Primary production,Croatia,0,,0,,0,,0,,0,,0,,0,,4,,4,,5,,5,,6,,92
Thousand tonnes of oil equivalent (TOE),Solar energy,Primary production,Hungary,0,,1,,2,,2,,2,,2,,2,,3,,4,,5,,5,,6,,93
Thousand tonnes of oil equivalent (TOE),Solar energy,Primary production,Ireland,0,,0,,0,,0,,0,,0,,1,,1,,3,,4,,7,,8,,94
Thousand tonnes of oil equivalent (TOE),Solar energy,Primary production,Iceland,0,,0,,0,,0,,0,,0,,0,,,,,,,,,,,,95
Thousand tonnes of oil equivalent (TOE),Solar energy,Primary production,Italy,12,,14,,16,,18,,21,,30,,38,,56,,83,,143,,298,,1069,,96
Thousand tonnes of oil equivalent (TOE),Solar energy,Primary production,Lithuania,0,,0,,0,,0,,0,,0,,0,,0,,0,,0,,0,,0,,97
Thousand tonnes of oil equivalent (TOE),Solar energy,Primary production,Luxembourg,0,,0,,0,,0,,1,,2,,2,,2,,2,,2,,3,,3,,98
Thousand tonnes of oil equivalent (TOE),Solar energy,Primary production,Latvia,0,,0,,0,,0,,0,,0,,0,,0,,0,,0,,0,,0,,99
Thousand tonnes of oil equivalent (TOE),Solar energy,Primary production,"Former Yugoslav Republic of Macedonia, the",0,,0,,0,,0,,0,,0,,0,,0,,0,,0,,0,,0,,100
Thousand tonnes of oil equivalent (TOE),Solar energy,Primary production,Malta,,,,,,,,,,,,,,,,,,,,,3,,0,,101
Thousand tonnes of oil equivalent (TOE),Solar energy,Primary production,Netherlands,11,,13,,16,,18,,20,,21,,22,,23,,24,,26,,29,,33,,102
Thousand tonnes of oil equivalent (TOE),Solar energy,Primary production,Norway,0,,0,,0,,0,,0,,0,,0,,0,,0,,0,,0,,0,,103
Thousand tonnes of oil equivalent (TOE),Solar energy,Primary production,Poland,0,,0,,0,,0,,0,,0,,0,,0,,1,,7,,8,,10,,104
Thousand tonnes of oil equivalent (TOE),Solar energy,Primary production,Portugal,18,,19,,20,,21,,21,,23,,24,,28,,34,,52,,77,,92,,105
Thousand tonnes of oil equivalent (TOE),Solar energy,Primary production,Romania,0,,0,,0,,0,,0,,0,,0,,0,,0,,0,,0,,0,,106
Thousand tonnes of oil equivalent (TOE),Solar energy,Primary production,Sweden,5,,4,,4,,5,,5,,6,,6,,9,,10,,10,,11,,12,,107
Thousand tonnes of oil equivalent (TOE),Solar energy,Primary production,Slovenia,0,,0,,0,,0,,0,,0,,0,,0,,0,,8,,9,,14,,108
Thousand tonnes of oil equivalent (TOE),Solar energy,Primary production,Slovakia,0,,0,,0,,0,,0,,0,,0,,0,,0,,0,,6,,39,,109
Thousand tonnes of oil equivalent (TOE),Solar energy,Primary production,Turkey,262,,287,,318,,350,,375,,385,,402,,420,,420,,429,,432,,630,,110
Thousand tonnes of oil equivalent (TOE),Solar energy,Primary production,United Kingdom,11,,13,,16,,20,,25,,30,,37,,46,,57,,71,,90,,131,,111
Thousand tonnes of oil equivalent (TOE),Biomass and renewable wastes,Primary production,Austria,2918,,3123,,2920,,3133,,3259,,3744,,3714,,4301,,4665,,4546,,5231,,5045,,112
Thousand tonnes of oil equivalent (TOE),Biomass and renewable wastes,Primary production,Belgium,488,,557,,536,,674,,715,,825,,863,,1026,,1344,,1517,,1787,,2131,,113
Thousand tonnes of oil equivalent (TOE),Biomass and renewable wastes,Primary production,Bulgaria,550,,547,,643,,691,,737,,718,,777,,712,,734,,796,,956,,1048,,114
Thousand tonnes of oil equivalent (TOE),Biomass and renewable wastes,Primary production,Switzerland,1145,,1198,,1190,,1237,,1243,,1301,,1361,,1345,,1442,,1468,,1553,,,,115
Thousand tonnes of oil equivalent (TOE),Biomass and renewable wastes,Primary production,Cyprus,9,,10,,10,,12,,9,,6,,6,,13,,19,,18,,17,,21,,116
Thousand tonnes of oil equivalent (TOE),Biomass and renewable wastes,Primary production,Czech Republic,1188,,1321,,1382,,1534,,1702,,1763,,1935,,2171,,2215,,2346,,2570,,2629,,117
Thousand tonnes of oil equivalent (TOE),Geothermal Energy,Primary production,Czech Republic,0,,0,,0,,0,,0,,0,,0,,0,,0,,0,,0,,0,,118
Thousand tonnes of oil equivalent (TOE),Biomass and renewable wastes,Primary production,Germany (until 1990 former territory of the FRG),6183,,6619,,7234,,9333,,11369,,12975,,16670,,21960,,21697,,21412,,25759,,22800,,119
Thousand tonnes of oil equivalent (TOE),Biomass and renewable wastes,Primary production,Denmark,1360,,1476,,1553,,1751,,1852,,1911,,1969,,2167,,2152,,2156,,2362,,2162,,120
Thousand tonnes of oil equivalent (TOE),Biomass and renewable wastes,Primary production,"Euro area (EA11-2000, EA12-2006, EA13-2007, EA15-2008, EA16-2010, EA17-2013, EA18)",35426,,37448,,38467,,42368,,46180,,48788,,53400,,60466,,63554,,66579,,75589,,73436,,121
Thousand tonnes of oil equivalent (TOE),Biomass and renewable wastes,Primary production,Euro area (16 countries),36938,,38248,,39188,,43183,,47042,,49725,,54340,,61049,,64230,,66579,,75589,,72493,,122
Thousand tonnes of oil equivalent (TOE),Biomass and renewable wastes,Primary production,Euro area (17 countries),37450,,38799,,39756,,43849,,47720,,50410,,54978,,61784,,64972,,67424,,76550,,73436,,123
Thousand tonnes of oil equivalent (TOE),Biomass and renewable wastes,Primary production,Estonia,512,,551,,567,,665,,678,,686,,637,,735,,742,,845,,961,,942,,124
Thousand tonnes of oil equivalent (TOE),Biomass and renewable wastes,Primary production,Greece,946,,970,,996,,941,,953,,990,,1006,,1127,,990,,924,,887,,1085,,125
Thousand tonnes of oil equivalent (TOE),Biomass and renewable wastes,Primary production,Spain,3941,,4017,,4218,,4623,,4729,,4923,,4837,,5138,,5114,,5979,,6008,,6118,,126
Thousand tonnes of oil equivalent (TOE),Biomass and renewable wastes,Primary production,European Union (27 countries),59138,,60102,,61876,,67708,,72728,,77194,,83176,,91291,,96015,,100631,,112785,,108248,,127
Thousand tonnes of oil equivalent (TOE),Biomass and renewable wastes,Primary production,Finland,6483,,6365,,6893,,7054,,7428,,6969,,7773,,7490,,7686,,6823,,8233,,8000,,128
Thousand tonnes of oil equivalent (TOE),Biomass and renewable wastes,Primary production,France,9834,,9993,,9610,,10226,,10413,,10762,,10458,,10806,,12311,,13087,,14128,,12624,,129
Thousand tonnes of oil equivalent (TOE),Biomass and renewable wastes,Primary production,Croatia,374,,292,,296,,381,,379,,356,,412,,366,,404,,438,,493,,652,,130
Thousand tonnes of oil equivalent (TOE),Biomass and renewable wastes,Primary production,Hungary,729,,765,,773,,803,,844,,1082,,1134,,1221,,1474,,1702,,1756,,1674,,131
Thousand tonnes of oil equivalent (TOE),Biomass and renewable wastes,Primary production,Ireland,141,,154,,149,,144,,171,,213,,219,,241,,254,,294,,325,,285,,132
Thousand tonnes of oil equivalent (TOE),Biomass and renewable wastes,Primary production,Iceland,1,,1,,1,,1,,2,,2,,1,,,,,,,,,,,,133
Thousand tonnes of oil equivalent (TOE),Biomass and renewable wastes,Primary production,Italy,1477,,1587,,1625,,1973,,2735,,2845,,3117,,2975,,3818,,4954,,6051,,6997,,134
Thousand tonnes of oil equivalent (TOE),Biomass and renewable wastes,Primary production,Lithuania,653,,678,,733,,763,,810,,858,,919,,917,,1007,,1115,,1114,,1077,,135
Thousand tonnes of oil equivalent (TOE),Biomass and renewable wastes,Primary production,Luxembourg,26,,28,,27,,32,,37,,62,,66,,74,,74,,69,,75,,71,,136
Thousand tonnes of oil equivalent (TOE),Biomass and renewable wastes,Primary production,Latvia,1150,,1263,,1362,,1529,,1565,,1564,,1604,,1555,,1509,,1788,,1794,,1817,,137
Thousand tonnes of oil equivalent (TOE),Biomass and renewable wastes,Primary production,"Former Yugoslav Republic of Macedonia, the",206,,146,,143,,182,,165,,151,,169,,153,,165,,195,,201,,190,,138
Thousand tonnes of oil equivalent (TOE),Biomass and renewable wastes,Primary production,Malta,,,,,,,,,,,,,,,,,,,,,1,,1,,139
Thousand tonnes of oil equivalent (TOE),Biomass and renewable wastes,Primary production,Netherlands,1252,,1365,,1512,,1488,,1589,,1653,,1765,,1804,,2038,,2347,,2557,,2656,,140
Thousand tonnes of oil equivalent (TOE),Biomass and renewable wastes,Primary production,Norway,1284,,1128,,1171,,1189,,1167,,1246,,1208,,1173,,1220,,1193,,1406,,1457,,141
Thousand tonnes of oil equivalent (TOE),Biomass and renewable wastes,Primary production,Poland,3624,,3867,,3933,,3988,,4122,,4337,,4555,,4592,,5131,,5714,,6440,,6949,,142
Thousand tonnes of oil equivalent (TOE),Biomass and renewable wastes,Primary production,Portugal,2683,,2670,,2747,,2748,,2782,,2827,,2911,,3080,,3055,,3208,,2994,,3088,,143
Thousand tonnes of oil equivalent (TOE),Biomass and renewable wastes,Primary production,Romania,2763,,2130,,2351,,2844,,3160,,3229,,3235,,3325,,3832,,3915,,3949,,3618,,144
Thousand tonnes of oil equivalent (TOE),Biomass and renewable wastes,Primary production,Sweden,7939,,7386,,7361,,7722,,7899,,8479,,8990,,9473,,9500,,9933,,11387,,9503,,145
Thousand tonnes of oil equivalent (TOE),Biomass and renewable wastes,Primary production,Slovenia,458,,450,,431,,460,,470,,476,,459,,445,,490,,563,,598,,554,,146
Thousand tonnes of oil equivalent (TOE),Biomass and renewable wastes,Primary production,Slovakia,100,,340,,282,,344,,384,,454,,475,,569,,676,,838,,937,,1016,,147
Thousand tonnes of oil equivalent (TOE),Biomass and renewable wastes,Primary production,Turkey,6499,,6256,,6004,,5768,,5550,,5332,,5163,,5023,,4808,,4642,,4524,,3626,,148
Thousand tonnes of oil equivalent (TOE),Biomass and renewable wastes,Primary production,United Kingdom,1733,,1870,,2029,,2233,,2316,,2843,,3080,,3375,,3488,,3743,,3906,,4336,,149
Thousand tonnes of oil equivalent (TOE),Geothermal Energy,Primary production,Austria,25,,28,,29,,29,,28,,30,,35,,32,,33,,34,,35,,34,,150
Thousand tonnes of oil equivalent (TOE),Geothermal Energy,Primary production,Belgium,3,,4,,3,,3,,3,,3,,4,,3,,3,,4,,4,,4,,151
Thousand tonnes of oil equivalent (TOE),Geothermal Energy,Primary production,Bulgaria,0,,0,,0,,0,,0,,33,,33,,33,,33,,33,,33,,33,,152
Thousand tonnes of oil equivalent (TOE),Geothermal Energy,Primary production,Switzerland,103,,112,,115,,125,,132,,146,,151,,164,,194,,210,,259,,,,153
Thousand tonnes of oil equivalent (TOE),Geothermal Energy,Primary production,Cyprus,0,,0,,0,,0,,0,,0,,0,,0,,0,,0,,1,,1,,154
Thousand tonnes of oil equivalent (TOE),Geothermal Energy,Primary production,Germany (until 1990 former territory of the FRG),123,,124,,128,,141,,144,,148,,181,,212,,246,,465,,529,,584,,155
Thousand tonnes of oil equivalent (TOE),Geothermal Energy,Primary production,Denmark,3,,3,,4,,4,,4,,8,,14,,14,,12,,12,,10,,8,,156
Thousand tonnes of oil equivalent (TOE),Geothermal Energy,Primary production,"Euro area (EA11-2000, EA12-2006, EA13-2007, EA15-2008, EA16-2010, EA17-2013, EA18)",4611,,4476,,4603,,5197,,5285,,5186,,5407,,5548,,5545,,5635,,5717,,6018,,157
Thousand tonnes of oil equivalent (TOE),Geothermal Energy,Primary production,Euro area (16 countries),4612,,4484,,4613,,5205,,5293,,5194,,5416,,5558,,5554,,5635,,5717,,6018,,158
Thousand tonnes of oil equivalent (TOE),Geothermal Energy,Primary production,Euro area (17 countries),4612,,4484,,4613,,5205,,5293,,5194,,5416,,5558,,5554,,5635,,5717,,6018,,159
Thousand tonnes of oil equivalent (TOE),Geothermal Energy,Primary production,Estonia,0,,0,,0,,0,,0,,0,,0,,0,,0,,0,,0,,0,,160
Thousand tonnes of oil equivalent (TOE),Geothermal Energy,Primary production,Greece,2,,2,,1,,1,,10,,10,,11,,14,,17,,22,,27,,26,,161
Thousand tonnes of oil equivalent (TOE),Geothermal Energy,Primary production,Spain,5,,5,,5,,5,,5,,7,,8,,9,,11,,14,,16,,17,,162
Thousand tonnes of oil equivalent (TOE),Geothermal Energy,Primary production,European Union (27 countries),4712,,4583,,4737,,5324,,5408,,5354,,5582,,5723,,5733,,5819,,5901,,6204,,163
Thousand tonnes of oil equivalent (TOE),Geothermal Energy,Primary production,Finland,0,,0,,0,,0,,0,,0,,0,,0,,0,,0,,0,,0,,164
Thousand tonnes of oil equivalent (TOE),Geothermal Energy,Primary production,France,126,,128,,128,,129,,130,,130,,114,,82,,88,,89,,91,,83,,165
Thousand tonnes of oil equivalent (TOE),Geothermal Energy,Primary production,Croatia,0,,0,,0,,0,,0,,0,,0,,3,,3,,3,,7,,7,,166
Thousand tonnes of oil equivalent (TOE),Geothermal Energy,Primary production,Hungary,86,,86,,86,,86,,86,,87,,86,,86,,96,,96,,99,,104,,167
Thousand tonnes of oil equivalent (TOE),Geothermal Energy,Primary production,Ireland,0,,0,,0,,0,,0,,0,,0,,0,,0,,0,,0,,0,,168
Thousand tonnes of oil equivalent (TOE),Geothermal Energy,Primary production,Iceland,1758,,1884,,1861,,1846,,1904,,2030,,2630,,,,,,,,,,,,169
Thousand tonnes of oil equivalent (TOE),Geothermal Energy,Primary production,Italy,4259,,4092,,4226,,4810,,4888,,4791,,4966,,5002,,4960,,4806,,4776,,5015,,170
Thousand tonnes of oil equivalent (TOE),Geothermal Energy,Primary production,Lithuania,0,,0,,9,,3,,3,,3,,2,,2,,1,,5,,5,,3,,171
Thousand tonnes of oil equivalent (TOE),Geothermal Energy,Primary production,Luxembourg,0,,0,,0,,0,,0,,0,,0,,0,,0,,0,,0,,0,,172
Thousand tonnes of oil equivalent (TOE),Geothermal Energy,Primary production,Latvia,0,,0,,0,,0,,0,,0,,0,,0,,0,,0,,0,,0,,173
Thousand tonnes of oil equivalent (TOE),Geothermal Energy,Primary production,"Former Yugoslav Republic of Macedonia, the",16,,23,,13,,13,,12,,10,,10,,10,,9,,10,,12,,12,,174
Thousand tonnes of oil equivalent (TOE),Geothermal Energy,Primary production,Malta,,,,,,,,,,,,,,,,,,,,,0,,0,,175
Thousand tonnes of oil equivalent (TOE),Geothermal Energy,Primary production,Netherlands,0,,0,,0,,0,,0,,0,,0,,0,,2,,3,,8,,8,,176
Thousand tonnes of oil equivalent (TOE),Geothermal Energy,Primary production,Norway,0,,0,,0,,0,,0,,0,,0,,0,,0,,0,,0,,0,,177
Thousand tonnes of oil equivalent (TOE),Geothermal Energy,Primary production,Poland,3,,3,,6,,7,,8,,11,,13,,10,,13,,14,,13,,13,,178
Thousand tonnes of oil equivalent (TOE),Geothermal Energy,Primary production,Portugal,70,,91,,84,,78,,78,,66,,88,,193,,185,,178,,190,,202,,179
Thousand tonnes of oil equivalent (TOE),Geothermal Energy,Primary production,Romania,7,,5,,17,,18,,13,,18,,18,,20,,25,,24,,23,,24,,180
Thousand tonnes of oil equivalent (TOE),Geothermal Energy,Primary production,Sweden,0,,0,,0,,0,,0,,0,,0,,0,,0,,0,,0,,0,,181
Thousand tonnes of oil equivalent (TOE),Geothermal Energy,Primary production,Slovenia,0,,0,,0,,0,,0,,0,,0,,0,,0,,11,,34,,38,,182
Thousand tonnes of oil equivalent (TOE),Geothermal Energy,Primary production,Slovakia,0,,9,,9,,8,,8,,8,,9,,10,,9,,9,,8,,6,,183
Thousand tonnes of oil equivalent (TOE),Geothermal Energy,Primary production,Turkey,684,,764,,820,,860,,891,,1007,,979,,1048,,1151,,1625,,1966,,2060,,184
Thousand tonnes of oil equivalent (TOE),Geothermal Energy,Primary production,United Kingdom,1,,1,,1,,1,,1,,1,,1,,1,,1,,1,,1,,1,,185
